"Music and Singers News: Latest Music and Songs News, Music Albums and Singers News | Hindustan Times"
"Music and Singers News: Latest Music and Songs News, Music Albums and Singers News | Hindustan Times"
"BTS' V has the sweetest surprise for fans on his birthday, drops adorable video. Watch"
Cardi B lashes out at fans amid Offset reunion rumours: 'I am about to unfollow all of you all'
BTS V soothing vocals for emotional duet Wherever U R with UMI touches hearts: Video out now
Gypsy Rose Blanchard says she would use money her father sent her in prison to buy Taylor Swift’s albums
Dua Lipa pulls big budget music video amid Israel-Hamas tensions: Here's why
Ariana Grande seemingly responds to dating rumors and public scrutiny; Confirms 2024 comeback
"BTS V’s birthday: ARMY's global purple projects; From South Korea to Japan, US, Thailand, and more"
Before Travis Kelce this NFL star tried to score a date with Taylor Swift; ‘I shot my shot’
Cardi B and Offset spotted together in New York City amid split rumours
Happy BTS' V day: K-pop Idol's luxury brand ambassador roles and whooping net worth at 28
BTS Jhope surprises fans with playful video of Jimin shaving his head: ‘Can’t Wait for 2024…'
"BTS' J-Hope shares old video of Jimin shaving his head, reacts as singer stops midway and calls for professional. Watch"
"Individual impersonating BTS member, leaking unreleased music arrested; BigHit Music takes actions against stalkers"
Darshan Raval on fans misbehaving with artistes on stage: It should not be tolerated
"BLACKPINK won't renew individual contracts for solo activities with YG Entertainment, announces agency"
"Singer Pink shares crazy video of son Jameson on his 7th birthday, wishes him ‘stay weird’. Watch"
Selena Gomez's boyfriend Benny Blanco can't keep ‘hands to himself’ in art exhibit date pictures
"‘Antis are sick,’ BLACKPINK's Jennie makes first solo Billboard Hot 100 debut"
"Music and Singers News: Latest Music and Songs News, Music Albums and Singers News | Hindustan Times"
"Music and Singers News: Latest Music and Songs News, Music Albums and Singers News | Hindustan Times"
"BTS' V has the sweetest surprise for fans on his birthday, drops adorable video. Watch"
Cardi B lashes out at fans amid Offset reunion rumours: 'I am about to unfollow all of you all'
BTS V soothing vocals for emotional duet Wherever U R with UMI touches hearts: Video out now
Gypsy Rose Blanchard says she would use money her father sent her in prison to buy Taylor Swift’s albums
Dua Lipa pulls big budget music video amid Israel-Hamas tensions: Here's why
Ariana Grande seemingly responds to dating rumors and public scrutiny; Confirms 2024 comeback
"BTS V’s birthday: ARMY's global purple projects; From South Korea to Japan, US, Thailand, and more"
Before Travis Kelce this NFL star tried to score a date with Taylor Swift; ‘I shot my shot’
Cardi B and Offset spotted together in New York City amid split rumours
Happy BTS' V day: K-pop Idol's luxury brand ambassador roles and whooping net worth at 28
BTS Jhope surprises fans with playful video of Jimin shaving his head: ‘Can’t Wait for 2024…'
"BTS' J-Hope shares old video of Jimin shaving his head, reacts as singer stops midway and calls for professional. Watch"
"Individual impersonating BTS member, leaking unreleased music arrested; BigHit Music takes actions against stalkers"
Darshan Raval on fans misbehaving with artistes on stage: It should not be tolerated
"BLACKPINK won't renew individual contracts for solo activities with YG Entertainment, announces agency"
"Singer Pink shares crazy video of son Jameson on his 7th birthday, wishes him ‘stay weird’. Watch"
Selena Gomez's boyfriend Benny Blanco can't keep ‘hands to himself’ in art exhibit date pictures
"‘Antis are sick,’ BLACKPINK's Jennie makes first solo Billboard Hot 100 debut"
"Music and Singers News: Latest Music and Songs News, Music Albums and Singers News | Hindustan Times"
"Music and Singers News: Latest Music and Songs News, Music Albums and Singers News | Hindustan Times"
"BTS' V has the sweetest surprise for fans on his birthday, drops adorable video. Watch"
Cardi B lashes out at fans amid Offset reunion rumours: 'I am about to unfollow all of you all'
BTS V soothing vocals for emotional duet Wherever U R with UMI touches hearts: Video out now
Gypsy Rose Blanchard says she would use money her father sent her in prison to buy Taylor Swift’s albums
Dua Lipa pulls big budget music video amid Israel-Hamas tensions: Here's why
Ariana Grande seemingly responds to dating rumors and public scrutiny; Confirms 2024 comeback
"BTS V’s birthday: ARMY's global purple projects; From South Korea to Japan, US, Thailand, and more"
Before Travis Kelce this NFL star tried to score a date with Taylor Swift; ‘I shot my shot’
Cardi B and Offset spotted together in New York City amid split rumours
Happy BTS' V day: K-pop Idol's luxury brand ambassador roles and whooping net worth at 28
BTS Jhope surprises fans with playful video of Jimin shaving his head: ‘Can’t Wait for 2024…'
"BTS' J-Hope shares old video of Jimin shaving his head, reacts as singer stops midway and calls for professional. Watch"
"Individual impersonating BTS member, leaking unreleased music arrested; BigHit Music takes actions against stalkers"
Darshan Raval on fans misbehaving with artistes on stage: It should not be tolerated
"BLACKPINK won't renew individual contracts for solo activities with YG Entertainment, announces agency"
"Singer Pink shares crazy video of son Jameson on his 7th birthday, wishes him ‘stay weird’. Watch"
Selena Gomez's boyfriend Benny Blanco can't keep ‘hands to himself’ in art exhibit date pictures
"‘Antis are sick,’ BLACKPINK's Jennie makes first solo Billboard Hot 100 debut"
"Music and Singers News: Latest Music and Songs News, Music Albums and Singers News | Hindustan Times"
"Music and Singers News: Latest Music and Songs News, Music Albums and Singers News | Hindustan Times"
"BTS' V has the sweetest surprise for fans on his birthday, drops adorable video. Watch"
Cardi B lashes out at fans amid Offset reunion rumours: 'I am about to unfollow all of you all'
BTS V soothing vocals for emotional duet Wherever U R with UMI touches hearts: Video out now
Gypsy Rose Blanchard says she would use money her father sent her in prison to buy Taylor Swift’s albums
Dua Lipa pulls big budget music video amid Israel-Hamas tensions: Here's why
Ariana Grande seemingly responds to dating rumors and public scrutiny; Confirms 2024 comeback
"BTS V’s birthday: ARMY's global purple projects; From South Korea to Japan, US, Thailand, and more"
Before Travis Kelce this NFL star tried to score a date with Taylor Swift; ‘I shot my shot’
Cardi B and Offset spotted together in New York City amid split rumours
Happy BTS' V day: K-pop Idol's luxury brand ambassador roles and whooping net worth at 28
BTS Jhope surprises fans with playful video of Jimin shaving his head: ‘Can’t Wait for 2024…'
"BTS' J-Hope shares old video of Jimin shaving his head, reacts as singer stops midway and calls for professional. Watch"
"Individual impersonating BTS member, leaking unreleased music arrested; BigHit Music takes actions against stalkers"
Darshan Raval on fans misbehaving with artistes on stage: It should not be tolerated
"BLACKPINK won't renew individual contracts for solo activities with YG Entertainment, announces agency"
"Singer Pink shares crazy video of son Jameson on his 7th birthday, wishes him ‘stay weird’. Watch"
Selena Gomez's boyfriend Benny Blanco can't keep ‘hands to himself’ in art exhibit date pictures
"‘Antis are sick,’ BLACKPINK's Jennie makes first solo Billboard Hot 100 debut"
"Music and Singers News: Latest Music and Songs News, Music Albums and Singers News | Hindustan Times"
"Music and Singers News: Latest Music and Songs News, Music Albums and Singers News | Hindustan Times"
"BTS' V has the sweetest surprise for fans on his birthday, drops adorable video. Watch"
Cardi B lashes out at fans amid Offset reunion rumours: 'I am about to unfollow all of you all'
BTS V soothing vocals for emotional duet Wherever U R with UMI touches hearts: Video out now
Gypsy Rose Blanchard says she would use money her father sent her in prison to buy Taylor Swift’s albums
Dua Lipa pulls big budget music video amid Israel-Hamas tensions: Here's why
Ariana Grande seemingly responds to dating rumors and public scrutiny; Confirms 2024 comeback
"BTS V’s birthday: ARMY's global purple projects; From South Korea to Japan, US, Thailand, and more"
Before Travis Kelce this NFL star tried to score a date with Taylor Swift; ‘I shot my shot’
Cardi B and Offset spotted together in New York City amid split rumours
Happy BTS' V day: K-pop Idol's luxury brand ambassador roles and whooping net worth at 28
BTS Jhope surprises fans with playful video of Jimin shaving his head: ‘Can’t Wait for 2024…'
"BTS' J-Hope shares old video of Jimin shaving his head, reacts as singer stops midway and calls for professional. Watch"
"Individual impersonating BTS member, leaking unreleased music arrested; BigHit Music takes actions against stalkers"
Darshan Raval on fans misbehaving with artistes on stage: It should not be tolerated
"BLACKPINK won't renew individual contracts for solo activities with YG Entertainment, announces agency"
"Singer Pink shares crazy video of son Jameson on his 7th birthday, wishes him ‘stay weird’. Watch"
Selena Gomez's boyfriend Benny Blanco can't keep ‘hands to himself’ in art exhibit date pictures
"‘Antis are sick,’ BLACKPINK's Jennie makes first solo Billboard Hot 100 debut"
